,userid
0,3406464953
1,4812814582
2,8743760304
3,4838197563
4,7903101638
5,4838197563
6,4617162253
7,4838197563
8,3514059568
9,3870202942
10,3589800268
11,4781808327
12,8251303938
13,2825038352
14,4781808327
15,7231889328
16,6522608409
17,2825038352
18,8072517582
19,3870202942
20,2595373639
21,3592028068
22,3514059568
23,3891864592
24,4781808327
25,2564226334
26,2825038352
27,2686314278
28,6699459615
29,3436897291
30,4416042573
31,3461546223
32,3693423164
33,4000364819
34,3342518194
35,6776113602
36,8133961919
37,3881334280
38,3233045741
39,4454908195
40,3822632303
41,4466453502
42,3830566357
43,8706607322
44,3402117239
45,3199497363
46,4454908195
47,8143687877
48,3870202942
49,4351560489
50,8182892685
51,4466453502
52,4000364819
53,4157905308
54,4466453502
55,7423131377
56,6699459615
57,2653250243
58,7017291615
59,3341477178
60,3084598431
61,7955736207
62,4747270394
63,3426215312
64,4787456586
65,3424030589
66,4000364819
67,6699459615
68,3634893584
69,4330585863
70,6523555145
71,6770578058
72,6472103635
73,4101612754
74,4454908195
75,3927192081
76,4454908195
77,8247170186
78,3363138660
79,3342518172
80,4021182349
81,4330585863
82,3887231971
83,2720338374
84,4187285120
85,4454908195
86,4454908195
87,8797547286
88,2825038352
89,2703113476
90,4330585863
91,8778922154
92,4480477205
93,3665450824
94,3966546862
95,6895203692
96,4330585863
97,3918561856
98,3275049421
99,7634837364
100,3857991938
101,7317459766
102,3903899622
103,3905462359
104,3903899622
105,4293735319
106,6699459615
107,3933998706
108,6480444242
109,3701665763
110,4410443475
111,3884756944
112,6881528678
113,7224910684
114,6774150807
115,7837667976
116,7219702659
117,4000364819
118,4114902156
119,2671473571
120,4310871029
121,3358954484
122,8758999487
123,3402117239
124,2607084992
125,4983303338
126,2590111181
127,2628313460
128,7689113969
129,7724178434
130,6506928742
131,4460384886
132,3005932935
133,3552179807
134,8026183852
135,4391207933
136,3812361109
137,3463119676
138,3425095781
139,4315172775
140,3701665754
141,2803592884
142,3538672450
143,3793495177
144,8428359595
145,4945298617
146,6006196539
147,3978590932
148,6006196539
149,3145862592
150,8156972684
151,7588417826
152,8755476137
153,8222160358
154,4454908195
155,3978590932
156,4454908195
157,4872775876
158,3407323919
159,4392566989
160,4872775876
161,8513510239
162,8133611677
163,4354085238
164,8149983065
165,8288553307
166,3931812241
167,2640086422
168,8704664829
169,2569169580
170,3538672450
171,8341315052
172,2640086422
173,8350633964
174,3522456596
175,2547212279
176,3467378975
177,4983303338
178,3423053523
179,2795331765
180,4525079620
181,3384253847
182,6779208556
183,2640086422
184,4372569680
185,4940470131
186,3919592525
187,6026243675
188,8116815237
189,3675791005
190,4085722645
191,7341313467
192,7535739865
193,6738738417
194,2705199784
195,3628788736
196,7189166028
197,4454908195
198,8080267406
199,8662029126
200,2844331519
201,8352618927
202,2602509855
203,7032316586
204,7032316586
205,8247288254
206,7282263618
207,7032316586
208,8353322266
209,4643650934
210,7032316586
211,3124652479
212,3124652479
213,3124652479
214,3124652479
215,2844331519
216,3835081468
217,3124652479
218,3124652479
219,3124652479
220,3124652479
221,3124652479
222,3124652479
223,3124652479
224,3124652479
225,3124652479
226,3124652479
227,3124652479
228,3124652479
229,3124652479
230,3124652479
231,3124652479
232,4854542728
233,2844331519
234,7078274912
235,3124652479
236,7215507448
237,7453147017
238,3124652479
239,8787339128
240,3124652479
241,3124652479
242,3124652479
243,3124652479
244,3124652479
245,3124652479
246,8089389276
247,3124652479
248,8377159452
249,3124652479
250,7078274912
251,3124652479
252,3124652479
253,3124652479
254,7215507448
255,2844331519
256,3124652479
257,7925416116
258,3124652479
259,3124652479
260,7215507448
261,3124652479
262,2844331519
263,3124652479
264,3124652479
265,3124652479
266,3140942541
267,3124652479
268,4863059647
269,3124652479
270,3124652479
271,3124652479
272,3124652479
273,8040992472
274,2844331519
275,3124652479
276,7215507448
277,3124652479
278,3124652479
279,3124652479
280,3672868463
281,3672868463
282,7588589084
283,7215507448
284,3672868463
285,3793064919
286,2844331519
287,3672868463
288,3672868463
289,8325570585
290,2602181477
291,3672868463
292,7742611975
293,8325570585
294,4529873877
295,3672868463
296,7192706019
297,3672868463
298,4851425915
299,2844331519
300,7258287046
301,7708993746
302,3672868463
303,2844331519
304,3672868463
305,2844331519
306,7442964487
307,6973822699
308,2844331519
309,8299834154
310,6313953962
311,7258287046
312,2844331519
313,8915556805
314,8048873448
315,4609529374
316,8325570585
317,2844331519
318,3672868463
319,2609852055
320,8325570585
321,3672868463
322,8215791818
323,6244076885
324,8353566214
325,2844331519
326,4767022009
327,4855821362
328,2887901876
329,8787339128
330,4763335908
331,4791385300
332,3588041755
333,4105981460
334,4855800412
335,4965631248
336,8166824467
337,3140942541
338,2844331519
339,8416835812
340,8419243689
341,3588041755
342,3672868463
343,2844331519
344,7842828056
345,3081782876
346,3672868463
347,2844331519
348,3672868463
349,8215791818
350,3672868463
351,8565115728
352,8368076484
353,7413447428
354,3672868463
355,2595971215
356,2844331519
357,7272759026
358,4626022353
359,7742611975
360,8280817337
361,8206569478
362,8280817337
363,2844331519
364,3588041755
365,7272759026
366,2696072283
367,4209816426
368,7634201525
369,2844331519
370,6928140877
371,7713586594
372,3425334365
373,4470870985
374,8351600586
375,8537015724
376,84962173
377,3572229724
378,2844331519
379,8331837917
380,2670558989
381,7272759026
382,6887527714
383,6887527714
384,8351618198
385,3572229724
386,2844331519
387,8193718105
388,6919828115
389,8353671304
390,6853452992
391,4251995550
392,7892947407
393,6049345620
394,3925875075
395,8259268955
396,6782025502
397,3458205058
398,3967060256
399,3624453366
400,8353671304
401,3760329282
402,3393559854
403,3947950129
404,4907007803
405,6785392186
406,3393559854
407,3947950129
408,4907007803
409,8206569478
410,8515973196
411,3555267034
412,3393559854
413,3947950129
414,3393559854
415,3947950129
416,3393559854
417,6684250559
418,3393559854
419,8007361677
420,3393559854
421,8352440885
422,4026938902
423,3393559854
424,3947950129
425,7608679538
426,3393559854
427,3947950129
428,6747039587
429,3393559854
430,3393559854
431,3393559854
432,7608679538
433,3552335584
434,2846322453
435,3393559854
436,3393559854
437,3393559854
438,3393559854
439,4980374282
440,3393559854
441,3393559854
442,3393559854
443,3393559854
444,3393559854
445,3393559854
446,4801884262
447,7127548812
448,3393559854
449,3393559854
450,3393559854
451,3393559854
452,3631887776
453,3631887776
454,3143072375
455,3383888398
456,3552335584
457,8258023162
458,4587881801
459,6270684465
460,4904338086
461,8200558677
462,6270684465
463,4792998319
464,8084858908
465,8985003405
466,8515973196
467,4149165263
468,8677090594
469,4007223707
470,8353700225
471,2651789157
472,4804796017
473,4804796017
474,2650728874
475,2651789157
476,3926528647
477,8515973196
478,7794385896
479,8677090594
480,4804796017
481,4159909568
482,3702198830
483,3967060256
484,8201740636
485,3164834363
486,8515973196
487,7794385896
488,7301737929
489,7615110372
490,3671606755
491,8515973196
492,3511275090
493,4801884262
494,4159909568
495,7519825126
496,3393559854
497,8515973196
498,8206569478
499,4159909568
500,4035928676
501,4035928676
502,6716854064
503,3536131317
504,3511275090
505,8371909422
506,3947950129
507,4907354643
508,4419458259
509,4920603556
510,4159909568
511,2730437448
512,3537646448
513,3393559854
514,2651789157
515,3841537372
516,8371909422
517,3967054818
518,4907271388
519,4907271388
520,7708993746
521,4323729461
522,4907271388
523,2651789157
524,4907271388
525,6381853577
526,4454414205
527,4454414205
528,4454414205
529,4454414205
530,8351488442
531,4454414205
532,8091769036
533,7594973924
534,7532793927
535,4907271388
536,4907271388
537,8515973196
538,4907271388
539,2817312247
540,4907271388
541,4907271388
542,4907271388
543,4907271388
544,4907271388
545,3106660051
546,3947950129
547,8195977624
548,4801884262
549,6188948080
550,3568523603
551,8653289735
552,4907271388
553,8766643565
554,3636921909
555,2731424695
556,4907271388
557,3947950129
558,4907271388
559,3106660051
560,3947950129
561,4907271388
562,3947950129
563,4907271388
564,2707613947
565,3947950129
566,4651640043
567,8744793627
568,3392885827
569,3947950129
570,2691425197
571,3392885827
572,3947950129
573,7532793927
574,3415306766
575,7696539699
576,7372672505
577,3415306766
578,3117174093
579,8352440885
580,3392885827
581,6914200216
582,3947950129
583,4110565008
584,3568341306
585,3947950129
586,4360559894
587,2846322453
588,3947950129
589,4360559894
590,4360559894
591,7532793927
592,4934413205
593,3524255671
594,4360559894
595,4360559894
596,3807737308
597,4360559894
598,3632147564
599,4167683008
600,4360559894
601,4360559894
602,3415306766
603,4934413205
604,4360559894
605,8364729867
606,7970700524
607,4690000192
608,3415306766
609,7348781278
610,6806562945
611,3415306766
612,4801884262
613,4360559894
614,3748566515
615,7363435452
616,4360559894
617,3415306766
618,7397908132
619,2626096456
620,2626096456
621,3415306766
622,8080000126
623,4360559894
624,7532793927
625,8054134962
626,4167683008
627,4851425915
628,7713586594
629,3748566515
630,3552433483
631,3575585332
632,3575585332
633,4026938902
634,4420095405
635,3945843147
636,7966316262
637,6806562945
638,2626096456
639,2626096456
640,7361669265
641,7966316262
642,2626096456
643,2626096456
644,2626096456
645,3073541818
646,8253982738
647,7712751454
648,4391971531
649,3947950129
650,8351739844
651,3928230660
652,4075012729
653,2662630029
654,3947950129
655,4379999862
656,3947950129
657,2626096456
658,7292725692
659,8252066546
660,8095226178
661,7681528295
662,3947950129
663,7532793927
664,4379999862
665,8279425145
666,3926528647
667,3688663856
668,8095226178
669,7272759026
670,3631887776
671,3006957201
672,8095226178
673,4167683008
674,4934413205
675,4686336592
676,3006957201
677,8095226178
678,8753024569
679,7067290984
680,4825574863
681,2626096456
682,3631887776
683,6413118649
684,3006957201
685,3547743231
686,3690850029
687,3006957201
688,4934685510
689,2626096456
690,8889567239
691,7372282376
692,8832009808
693,4167683008
694,8419602764
695,4347850282
696,3415306766
697,3589096748
698,3681953368
699,8580893712
700,6046529027
701,3415306766
702,7532793927
703,4167683008
704,4017601917
705,8832009808
706,4686336592
707,8193718105
708,2691474567
709,6765328352
710,4934685510
711,4460441449
712,8565115728
713,3493689398
714,7966316262
715,8156669024
716,4167683008
717,8228382654
718,4103399251
719,4643650934
720,8353700374
721,2572032386
722,2823865921
723,4643650934
724,4488002328
725,8587848276
726,7659850284
727,2823865921
728,3006957201
729,6725017187
730,4275318927
731,7115629775
732,2823865921
733,7900312758
734,4167683008
735,3006957201
736,4643650934
737,6770488956
738,7900312758
739,8353700374
740,4613390046
741,8832009808
742,4144220097
743,3568341306
744,4987726235
745,4987726235
746,3582183701
747,3575372365
748,8587848276
749,3568341306
750,3758816491
751,3945843147
752,8352997865
753,3575372365
754,3587820058
755,3967819880
756,4987726235
757,8234201968
758,3945843147
759,8353700374
760,4987726235
761,8587848276
762,8234201968
763,3575372365
764,4987726235
765,4987726235
766,8234201968
767,8587848276
768,4987726235
769,8587848276
770,7372282376
771,3575372365
772,3568341306
773,8234201968
774,3587820058
775,4105403975
776,6652561169
777,4017601917
778,4987726235
779,4987726235
780,6652561169
781,3914467029
782,8366156108
783,7025089736
784,7978683776
785,3590911004
786,8352683602
787,4531835498
788,4626022353
789,3527425728
790,8587848276
791,3654385456
792,3547743231
793,4482740865
794,7272759026
795,7963205622
796,4592601894
797,8587848276
798,3540381778
799,8075310658
800,7272759026
801,8587848276
802,6652561169
803,7272759026
804,3630361015
805,6415647287
806,4918701996
807,6415647287
808,4482740865
809,6998563387
810,7272759026
811,7713358836
812,8353509124
813,8054134962
814,8054134962
815,7713358836
816,8786569358
817,7272759026
818,7713358836
819,8832009808
820,8352218227
821,7272759026
822,8353643017
823,4716746492
824,3547743231
825,4787007489
826,8310890645
827,7659850284
828,3654385456
829,8227788085
830,8193128518
831,3914467029
832,6747039587
833,8353643017
834,7272759026
835,3654385456
836,3708950332
837,3540381778
838,8353643017
839,3547743231
840,7659850284
841,4672011088
842,3540381778
843,6852098475
844,8353643017
845,4573264388
846,7272759026
847,3540381778
848,6267759436
849,2983490834
850,8780806989
851,8147675364
852,3540381778
853,4017601917
854,3097635942
855,2571045528
856,3973741401
857,4482740865
858,3547743231
859,8587848276
860,4965631248
861,2877581087
862,2552191786
863,3708950332
864,4482740865
865,3540381778
866,8083680506
867,8749062402
868,4623292389
869,7272759026
870,8832009808
871,3862812176
872,4607435371
873,3540381778
874,3272585980
875,7272759026
876,3540381778
877,3097635942
878,4937310085
879,7904445518
880,3708950332
881,7758051795
882,8832009808
883,3540381778
884,8327771798
885,3708950332
886,4106619710
887,7272759026
888,3932632701
889,8353644265
890,8352218227
891,4946518079
892,7837998389
893,7272759026
894,4167683008
895,8294660519
896,8032657457
897,8268918955
898,7043375592
899,3708950332
900,8125633497
901,7043375592
902,3708950332
903,4026938902
904,7272759026
905,8353442294
906,6121032855
907,3272585980
908,7272759026
909,4337046230
910,8254288065
911,4167683008
912,4167683008
913,7443820598
914,4956898266
915,8576601517
916,3107922299
917,3708950332
918,4026938902
919,7272759026
920,3800356584
921,7456466279
922,3971985528
923,3458537400
924,8264317135
925,3971985528
926,7826912496
927,7272759026
928,8264317135
929,4294980395
930,8350590369
931,3957894787
932,4358138310
933,8424835429
934,7272759026
935,6234439034
936,8317806414
937,8424835429
938,7256608702
939,3708950332
940,3471437584
941,6036391206
942,3140942541
943,7272759026
944,7272096165
945,3991114245
946,6121032855
947,8424835429
948,3559921369
949,8758340866
950,8350590369
951,2792059077
952,7272759026
953,7842139056
954,3708950332
955,8343750358
956,3928352680
957,4276860736
958,7272759026
959,8375572465
960,3624453366
961,8047678188
962,6859302674
963,6776751557
964,8424835429
965,8424835429
966,8656443715
967,3540381778
968,2649273462
969,7272759026
970,3394806933
971,4176774860
972,3750927360
973,4471775406
974,8353686927
975,8047678188
976,2649273462
977,6859302674
978,3973739061
979,2672194795
980,7043375592
981,7256756549
982,7272759026
983,7803149304
984,2983490834
985,7043375592
986,6317814162
987,8717152074
988,4358138310
989,4163845160
990,6317814162
991,3298070939
992,7364840205
993,4768502889
994,8343750358
995,3352402693
996,4716746492
997,2672194795
998,8317806414
999,7843208999
1000,8115526587
1001,8831182147
1002,3330882235
1003,3287201446
1004,3916754660
1005,3413817033
1006,2626514666
1007,3423279687
1008,4278857765
1009,7924754347
1010,3864993963
1011,7001954475
1012,6815745885
1013,8157893076
1014,6050935460
1015,8596388417
1016,2626000478
1017,8157893076
1018,2606074226
1019,4407380766
1020,8915556805
1021,4823412951
1022,4427498089
1023,3161491341
1024,2626724167
1025,8157893076
1026,3440946586
1027,3725332378
1028,8157893076
1029,6052569878
1030,3710844393
1031,6044649501
1032,8157893076
1033,4896706457
1034,4300571474
1035,4066633147
1036,4102183279
1037,8157893076
1038,8157893076
1039,8867571192
1040,7919104826
1041,8157893076
1042,8628690358
1043,4221131332
1044,7918525464
1045,3941070959
1046,2908473866
1047,4080450595
1048,2958703041
1049,2605776779
1050,8157893076
1051,8157893076
1052,6074168516
1053,8214275045
1054,8157893076
1055,6928330012
1056,2627149783
1057,3688225859
1058,2606053078
1059,3985432008
1060,8157893076
1061,4864889129
1062,3632931100
1063,8441274247
1064,8157893076
1065,8157893076
1066,8834812692
1067,8157893076
1068,8766477455
1069,4097390757
1070,8157893076
1071,4106146212
1072,8157893076
1073,8157893076
1074,4627149580
1075,4729830785
1076,8089867094
1077,7822852574
1078,6205720002
1079,3478164752
1080,8157893076
1081,7719746888
1082,4269544427
1083,6060912128
1084,8157893076
1085,8725539086
1086,4934428339
1087,6729653536
1088,7177144758
1089,6052115077
1090,8252826374
1091,3904382270
1092,8272527579
1093,8157893076
1094,6511125712
1095,8234769337
1096,2601997680
1097,4343524620
1098,7128517695
1099,8346396044
1100,6195826580
1101,6236289099
1102,7028178894
1103,2626732427
1104,7272590958
1105,3662822531
1106,3714637319
1107,6464757778
1108,8295455487
1109,8157893076
1110,7847480189
1111,3829686757
1112,3971479815
1113,8157893076
1114,2626530999
1115,4819293421
1116,4835117255
1117,8157893076
1118,8162600268
1119,6676665305
1120,4509717571
1121,8138514725
1122,6342937154
1123,8677691135
1124,7025410058
1125,6513959959
1126,4540386588
1127,7918898608
1128,8157893076
1129,7975103548
1130,7795966579
1131,4942634851
1132,2679616344
1133,4921996474
1134,2683483407
1135,3630564737
1136,3650768851
1137,8157893076
1138,3937983698
1139,8640025528
1140,7050086989
1141,8157893076
1142,3927235179
1143,8573015462
1144,3617490081
1145,4862525230
1146,6098375957
1147,4817205952
1148,4824242375
1149,8157893076
1150,6475330809
1151,8631194822
1152,8318970459
1153,8358467179
1154,4658758260
1155,6770549706
1156,8847763042
1157,7462558139
1158,4599707300
1159,7432430649
1160,4844308162
1161,3835549313
1162,2692018046
1163,4765192977
1164,3124326246
1165,8252826374
1166,4852078294
1167,4780493242
1168,3238215755
1169,4360427726
1170,3660168529
1171,8040555319
1172,8259047097
1173,7956648437
1174,8301215955
1175,3904382270
1176,7687924324
1177,8267197698
1178,6242832912
1179,7079403012
1180,8157893076
1181,7334564096
1182,3288244574
1183,7209786425
1184,3288244574
1185,3927235146
1186,6442574089
1187,8118834484
1188,2571244593
1189,7337746362
1190,7987183985
1191,3382982904
1192,3935867339
1193,4680216114
1194,3913250663
1195,3696430246
1196,8249650807
1197,7711935099
1198,7989738119
1199,7955771232
1200,4780960527
1201,8150172166
1202,3548595721
1203,3608980913
1204,7898353937
1205,4573214203
1206,8247136729
1207,6619953327
1208,4089790973
1209,7837599817
1210,6784566187
1211,6076468063
1212,7923744747
1213,8839253758
1214,4242915343
1215,8087284938
1216,6997282166
1217,6081443962
1218,4845309158
1219,8902980658
1220,3598875274
1221,7132639589
1222,7973126402
1223,8025423008
1224,3983631250
1225,3273446902
1226,8157893076
1227,4961268681
1228,7950564367
1229,4923483457
1230,3797341210
1231,3713694575
1232,8347413404
1233,4177793972
1234,7393859094
1235,4829021872
1236,4630041331
1237,6941067358
1238,7870411094
1239,2902203832
1240,8349585444
1241,4660575773
1242,6327653086
1243,2696499212
1244,8039214124
1245,7425956326
1246,6101962231
1247,7388244814
1248,7338450414
1249,3936956900
1250,4840019081
1251,4177793972
1252,4060982746
1253,3022520299
1254,2562365592
1255,4060982746
1256,4060982746
1257,3946864656
1258,7326575866
1259,4520937196
1260,7783208179
1261,4859646998
1262,2542748648
1263,3420966792
1264,8210749109
1265,4980616404
1266,4895774925
1267,7713613749
1268,8011354904
1269,6099980700
1270,4403383935
1271,3058209343
1272,8269756727
1273,8208194818
1274,6800372522
1275,4959322263
1276,3199783402
1277,2662667654
1278,4824037335
1279,7893268225
1280,4401839140
1281,4595374164
1282,6724884725
1283,4097141782
1284,4004081625
1285,6723761339
1286,3432476957
1287,8069854537
1288,6459846054
1289,8357911722
1290,4391289568
1291,7481646696
1292,7782685384
1293,3626653985
1294,4711946903
1295,6082399898
1296,3600186754
1297,7891762596
1298,8225164784
1299,7917964236
1300,6192532026
1301,4638296360
1302,4407295752
1303,4143642603
1304,3782145657
1305,8312910294
1306,7351923118
1307,7289501657
1308,8312910294
1309,4121472806
1310,7765355654
1311,6192532026
1312,8140571029
1313,6484617939
1314,3637367777
1315,4906009476
1316,7303035199
1317,4059850505
1318,7465171932
1319,7740045845
1320,3719118845
1321,6086835393
1322,4506946158
1323,4907186897
1324,4536064635
1325,3863290703
1326,6022154576
1327,3566979186
1328,8103349772
1329,3139156061
1330,8836856156
1331,4606397966
1332,7865511707
1333,7585630869
1334,6962715105
1335,7281355365
1336,3421624458
1337,4524329190
1338,8544767356
1339,3573129229
1340,8068808924
1341,8582321495
1342,4289440387
1343,4881399747
1344,4638296360
1345,3573129207
1346,4447280590
1347,4603624625
1348,3473503660
1349,4458594468
1350,3907917886
1351,6347875047
1352,6776479647
1353,4440784595
1354,8836856156
1355,6776206462
1356,7271380707
1357,4509332423
1358,6065208022
1359,7411964615
1360,8370891486
1361,4383072331
1362,7029276554
1363,8234681419
1364,4873157983
1365,6453667036
1366,8178129586
1367,2971734860
1368,4873157983
1369,3970685122
1370,6822669957
1371,3871648605
1372,6235555266
1373,7865444288
1374,3483842493
1375,3694663801
1376,8181228309
1377,6303260608
1378,4699030950
1379,4275518495
1380,3694635081
1381,4365986250
1382,6518618595
1383,2642289679
1384,4316303970
1385,2642289679
1386,8019128172
1387,8080927916
1388,4112716962
1389,6150054354
1390,7608864106
1391,4378467281
1392,7503480405
1393,8033284319
1394,6082104018
1395,7647526776
1396,6939835598
1397,4822832291
1398,8291162938
1399,8704652536
1400,3107923039
1401,8229861954
1402,8291162938
1403,7811797524
1404,6942459962
1405,8247116388
1406,8167916875
1407,4207731811
1408,4598750406
1409,8847763042
1410,4177082626
1411,4483590174
1412,3694708097
1413,6830684427
1414,7054605039
1415,7130712957
1416,4341864766
1417,4740353447
1418,7281355365
1419,2905638627
1420,4762946883
1421,7270767997
1422,6330995148
1423,6036259670
1424,4271226609
1425,8109263716
1426,8299351564
1427,7719261395
1428,4908043041
1429,4959974091
1430,3504751783
1431,7559914975
1432,8807858628
1433,3951570032
1434,4460441449
1435,4296242599
1436,4813734841
1437,6421087315
1438,4624396292
1439,4403738634
1440,8115665696
1441,7348846376
1442,3949749466
1443,4757702535
1444,2994866527
1445,6720681582
1446,3956140017
1447,8702045324
1448,2626506947
1449,8710387036
1450,3569739574
1451,6298125545
1452,6070878117
1453,4441277690
1454,7024772429
1455,4575949977
1456,7461432208
1457,7378483436
1458,6903855132
1459,8093118738
1460,4947861787
1461,4694842203
1462,6295932684
1463,4250059812
1464,4503428336
1465,3733191875
1466,4461897247
1467,8804667948
1468,7339344956
1469,6295932684
1470,3491450496
1471,7816457514
1472,7130712957
1473,6835360379
1474,6830684427
1475,8208502644
1476,2905638627
1477,6295932684
1478,3977885309
1479,4716298081
1480,2611209369
1481,4957750289
1482,3696411793
1483,4408033213
1484,7865511707
1485,6181153251
1486,7178858395
1487,4370540477
1488,8867571192
1489,3446738609
1490,8086633388
1491,6962715105
1492,4268148700
1493,3530508941
1494,4335345999
1495,4234701843
1496,4913811391
1497,8703673709
1498,2934968457
1499,8754219627
1500,4524329190
1501,3426279827
1502,8034941218
1503,3977885309
1504,6421087315
1505,4247824504
1506,2956864018
1507,3298500521
1508,8154054527
1509,8331304674
1510,8755505866
1511,7550129374
1512,3914504336
1513,3746417535
1514,3298500521
1515,3994002610
1516,7378351294
1517,6643059455
1518,6898408558
1519,8434430494
1520,4311851076
1521,7280980538
1522,8159087959
1523,4000905730
1524,7512169642
1525,8208502644
1526,2905638627
1527,6069205536
1528,7198712095
1529,3764048907
1530,7397020488
1531,8354226134
1532,7997323502
1533,6686295032
1534,4755677376
1535,8169944407
1536,4236789981
1537,4263009973
1538,4604380796
1539,8264778845
1540,6092225263
1541,3693988359
1542,4895119964
1543,8154054527
1544,7351923118
1545,4748418014
1546,8147658242
1547,4667780353
1548,3797168873
1549,4413066878
1550,4748418014
1551,8257772355
1552,3195203737
1553,4333690219
1554,4485115960
1555,4166169480
1556,4720194518
1557,6289891396
1558,8321471805
1559,8198723746
1560,6914200216
1561,6394358157
1562,7256148437
1563,7284737004
1564,3543023167
1565,4806268351
1566,3031854635
1567,6060582238
1568,3668854400
1569,4403072342
1570,2703637400
1571,7504215525
1572,3848310200
1573,4017956177
1574,6791478896
1575,2563056457
1576,6069616672
1577,6818590667
1578,3553413052
1579,7281355365
1580,2751574501
1581,8520959289
1582,2719428969
1583,8993931342
1584,8546125575
1585,4506946158
1586,2556945302
1587,8314052472
1588,8416925557
1589,6217321199
1590,4424126944
1591,7178361056
1592,3786551890
1593,7647571364
1594,2975568847
1595,3462229652
1596,3966546862
1597,8178500816
1598,3949981301
1599,3527023552
1600,4715603488
1601,3959451889
1602,8781579734
1603,7389453822
1604,8084903468
1605,3994254715
1606,8639604884
1607,6022154576
1608,6087988397
1609,3881625720
1610,6281040316
1611,7308896639
1612,7424898582
1613,4152022084
1614,4335345999
1615,3301317733
1616,8249650775
1617,4527834833
1618,7210057304
1619,3555274072
1620,3198777913
1621,3755947348
1622,2694694102
1623,8658583216
1624,2591306085
1625,4668432409
1626,7719680212
1627,7816457514
1628,4393076665
1629,4747940828
1630,4051011782
1631,4781801430
1632,7676633026
1633,3366724759
1634,3946418723
1635,3592783430
1636,4101381522
1637,3445747117
1638,2594580370
1639,8089681278
1640,4097836517
1641,8769561988
1642,2890341432
1643,7900408202
1644,7189367006
1645,2686859172
1646,3936476834
1647,2944941946
1648,4000369239
1649,3996812152
1650,3698490091
1651,8337592518
1652,4157379142
1653,3432072672
1654,8133260674
1655,7317447484
1656,3432073573
1657,8249650759
1658,8069854537
1659,3842957432
1660,3798524697
1661,3662523154
1662,8336927148
1663,4961057270
1664,8042540059
1665,2884408932
1666,2924548756
1667,7994782669
1668,7808282424
1669,4656114382
1670,4848252716
1671,8341048725
1672,7804564238
1673,2782638047
1674,6153707506
1675,8261227335
1676,3772028961
1677,3630564737
1678,4614214516
1679,4903797036
1680,4859723443
1681,8355885345
1682,6978081406
1683,8062046054
1684,8210405032
1685,6941921224
1686,3316968081
1687,3695914106
1688,7742043698
1689,3525351073
1690,7689336692
1691,3208718942
1692,4814650127
1693,4931257857
1694,3543602037
1695,7993421948
1696,6848344142
1697,2954449539
1698,3543602037
1699,6486556645
1700,8934441539
1701,3966528718
1702,7378038339
1703,4484086033
1704,3579391231
1705,6253083718
1706,4632162978
1707,4854629881
1708,3943270020
1709,6750738439
1710,4360033383
1711,8145429084
1712,3807302869
1713,4900414649
1714,4621228194
1715,2905638627
1716,4065795058
1717,8713259434
1718,2612895872
1719,7707103588
1720,6502416874
1721,4912490869
1722,4722396227
1723,8343194628
1724,7885290127
1725,3684793289
1726,7713613749
1727,2988184515
1728,3196609499
1729,7317447484
1730,8022539182
1731,8290048364
1732,7089814764
1733,3233357868
1734,4362409021
1735,4615264316
1736,2606444775
1737,8311168277
1738,8084328038
1739,4338527626
1740,3577245083
1741,4300242893
1742,3644822548
1743,4802777043
1744,8312632452
1745,8744075632
1746,7290553749
1747,8729249815
1748,7116269285
1749,7829387318
1750,6812323508
1751,7835903479
1752,4317598306
1753,2690245135
1754,8388680767
1755,7793908774
1756,8992721614
1757,8751541408
1758,6976784092
1759,8721872434
1760,7829743005
1761,2578719757
1762,3105896668
1763,3910296630
1764,2998687059
1765,8159448489
1766,3734291572
1767,2594451691
1768,3323328828
1769,4899846171
1770,7468840514
1771,4121468790
1772,7468840514
1773,8248210667
1774,7353117252
1775,7364307242
1776,4146315421
1777,7499033737
1778,4487314447
1779,3833521844
1780,7914365934
1781,3746979334
1782,6973829766
1783,3569739574
1784,4843315688
1785,6082516141
1786,3426252036
1787,7596838218
1788,6799405005
1789,4687276191
1790,7485254628
1791,3442741135
1792,6792121316
1793,8145429084
1794,3563927126
1795,8943985946
1796,4396785741
1797,3991530351
1798,8150815192
1799,7458862702
1800,4321896961
1801,6312949022
1802,3512271662
1803,8893636385
1804,4275883864
1805,7290020265
1806,8480444789
1807,4687757453
1808,4331916901
1809,8269806845
1810,4484086033
1811,7495717284
1812,3512271662
1813,3526804179
1814,8145429084
1815,7684614545
1816,4695309372
1817,7270870149
1818,8351076567
1819,4365986250
1820,7070673614
1821,8062046054
1822,7686245577
1823,6687259806
1824,4748418014
1825,2765922710
1826,8169248097
1827,3250727283
1828,3583093786
1829,3516223127
1830,6937936364
1831,2998621468
1832,8242539784
1833,8821757712
1834,3991103907
1835,3695318032
1836,4255265276
1837,3654971357
1838,3386554988
1839,3980334114
1840,2597748437
1841,8256668536
1842,7424898582
1843,4348326868
1844,7380404422
1845,4202451132
1846,3379125656
1847,8199355566
1848,4406726147
1849,3525351073
1850,3494596292
1851,2696544273
1852,3562564546
1853,7650524899
1854,4536064635
1855,7510403064
1856,8145429084
1857,2605766928
1858,4299297753
1859,8323893524
1860,4359583202
1861,8704855502
1862,8744108125
1863,7652241284
1864,8539114566
1865,3106965526
1866,6153252391
1867,4240059427
1868,4326374614
1869,8598316464
1870,7027496657
1871,7392764916
1872,4813425115
1873,7230417858
1874,4147864536
1875,4748418014
1876,3369012955
1877,7891762596
1878,2841147510
1879,3369012955
1880,8738932855
1881,4658454012
1882,3618159997
1883,4748418014
1884,8851031366
1885,3610319286
1886,3928019477
1887,8081169205
1888,2607832989
1889,6387126062
1890,2683814830
1891,4474338097
1892,8206745824
1893,7863494194
1894,8405872485
1895,3750842597
1896,7186490227
1897,3822642505
1898,7850301788
1899,7334822597
1900,7630675129
1901,7489284184
1902,7069837375
1903,8301142042
1904,3822642505
1905,3427356483
1906,3457511749
1907,8249929828
1908,7262007896
1909,3822642505
1910,2643231377
1911,7262007896
1912,4722126701
1913,2544581712
1914,3758465947
1915,4430103201
1916,3941070959
1917,2901350837
1918,7422881725
1919,4490921183
1920,3386547492
1921,7711264466
1922,6640650975
1923,8135162868
1924,4962307433
1925,8383708352
1926,7868406476
1927,7422881725
1928,7647526776
1929,8224947635
1930,8129816517
1931,3720105916
1932,4724575678
1933,8684409612
1934,6521393127
1935,3704993677
1936,7334822597
1937,4440098324
1938,3704993677
1939,3822642505
1940,2594296493
1941,3599154245
1942,7709212059
1943,3374708145
1944,7690517486
1945,4740353447
1946,7745289128
1947,7381017206
1948,3651995719
1949,4094191879
1950,3723911903
1951,7923744747
1952,3526536063
1953,3645593881
1954,3285538197
1955,3480807838
1956,7503480405
1957,7382457222
1958,8336828356
1959,3457543154
1960,2594296493
1961,3638298698
1962,3633234117
1963,6434619646
1964,8265128684
1965,3709935019
1966,7855475965
1967,8106884292
1968,3799837628
1969,8265133782
1970,2621195223
1971,7021988255
1972,7054605039
1973,3633575468
1974,4957750289
1975,8088369204
1976,7488490789
1977,7835503008
1978,2814021782
1979,4420002482
1980,6321932857
1981,3964024741
1982,3633575468
1983,4341864766
1984,3835932682
1985,7719680212
1986,2582870355
1987,3457543154
1988,7719680212
1989,3573820321
1990,4594363602
1991,7601281552
1992,7719680212
1993,8214317174
1994,7719680212
1995,3692709686
1996,4505051213
1997,4882705788
1998,3491623716
1999,3491623716
2000,3540081126
2001,7646772165
2002,7539414949
2003,7468840514
2004,6510001876
2005,3956720371
2006,3599154245
2007,2729680765
2008,3150084378
2009,6483877335
2010,3335683680
2011,3519453460
2012,3999536485
2013,7656712966
2014,6719980888
2015,3491623716
2016,8989432899
2017,6830684427
2018,8368198275
2019,6830684427
2020,2766913562
2021,3489227433
2022,7657975455
2023,4502723012
2024,3642111894
2025,7214998636
2026,4013588554
2027,8989432899
2028,3654011158
2029,8171433652
2030,4776380206
2031,3532773325
2032,2563718629
2033,4314844463
2034,7431595327
2035,3728981466
2036,3394283623
2037,3394283623
2038,4983151322
2039,6672614329
2040,8647730235
2041,4776380206
2042,4326212483
2043,7926294994
2044,2542380172
2045,6788201084
2046,3394283623
2047,3394283623
2048,3959383190
2049,3028576609
2050,7015938257
2051,3230815098
2052,4484214955
2053,4618932523
2054,4171534453
2055,8088369204
2056,3804329489
2057,6198091456
2058,3394283623
2059,3331638312
2060,3952723789
2061,3659973918
2062,3394283623
2063,3394283623
2064,7318447296
2065,4490237041
2066,2552307846
2067,3821666047
2068,2552307846
2069,4764416419
2070,2542487078
2071,2552307846
2072,3298500521
2073,2552307846
2074,6215273946
2075,2542223856
2076,2563056457
2077,2563056457
2078,7855475965
2079,4003937993
2080,7735910579
2081,3822642505
2082,3426252036
2083,3086690978
2084,8234769337
2085,3097453835
2086,4536205566
2087,2646016756
2088,3491623716
2089,3959383190
2090,8314663309
2091,7198712095
2092,3491623716
2093,6106041871
2094,6813611994
2095,4066329387
2096,7751865879
2097,8080230496
2098,4116118500
2099,3687476621
2100,3420019593
2101,4303863171
2102,4756903470
2103,4679086010
2104,8343194628
2105,4679086010
2106,2593075610
2107,4114734262
2108,2547862213
2109,6819007997
2110,3436897291
2111,3491623716
2112,4092038160
2113,3381317144
2114,2709571243
2115,6565584967
2116,6816914435
2117,4717416150
2118,2861687351
2119,4262632516
2120,3864993963
2121,8217400354
2122,3554636503
2123,3536860224
2124,6659513807
2125,8343476434
2126,8729249815
2127,8061575847
2128,3104426388
2129,7704354645
2130,3491623716
2131,7858858599
2132,8989432899
2133,6722544575
2134,3671358301
2135,6432587729
2136,3764201296
2137,8096495648
2138,7713613749
2139,3059748792
2140,7932298289
2141,8358782394
2142,3246156452
2143,2543286986
2144,2548421748
2145,4482783671
2146,8745490238
2147,8702664759
2148,2703904911
2149,3753118017
2150,8027309862
2151,2589637055
2152,3058209343
2153,4133743220
2154,3362400073
2155,7196377567
2156,3408981285
2157,2928613610
2158,3989159133
2159,4743425093
2160,3501869976
2161,8723001027
2162,6558387475
2163,8994450135
2164,8753472296
2165,6878399734
2166,7657975455
2167,3394579325
2168,3820089572
2169,4309665707
2170,4290517781
2171,4493434719
2172,3410164880
2173,8575487688
2174,4789100131
2175,4235329455
2176,8631632588
2177,4679339146
2178,7699312548
2179,8357911722
2180,6903855132
2181,6800344996
2182,2705819125
2183,2765795630
2184,4750427275
2185,8108633404
2186,3851794788
2187,4226246794
2188,4766008499
2189,3305334008
2190,2672016740
2191,4150822580
2192,2905713896
2193,2639617166
2194,7557691285
2195,3905727080
2196,3869478671
2197,2978031227
2198,7652256076
2199,8399042475
2200,4679086010
2201,4494437172
2202,3650589020
2203,4120638043
2204,6078248310
2205,8125638376
2206,3579414355
2207,6315688734
2208,4877296343
2209,4755652011
2210,7842425647
2211,4056335635
2212,6192532026
2213,2768929718
2214,6776479647
2215,8189655094
2216,3503987813
2217,3589799308
2218,6800412189
2219,7254197202
2220,2559571201
2221,8474282487
2222,3394138624
2223,3394161892
2224,8266365217
2225,2583019211
2226,3656855655
2227,8041867948
2228,6776206462
2229,8382735185
2230,3943994771
2231,7970559234
2232,3702854865
2233,6967356884
2234,4054054404
2235,8257772355
2236,3588599165
2237,3575945520
2238,4549585654
2239,7361339239
2240,7714046449
2241,7007172118
2242,4679086010
2243,7339192286
2244,8214648772
2245,2630574876
2246,3793047440
2247,4054054404
2248,7737926779
2249,2646424271
2250,3407592155
2251,3778925355
2252,7614501634
2253,4150822580
2254,4679086010
2255,3491623716
2256,3411508886
2257,4131581040
2258,6149744662
2259,4131581040
2260,3479206321
2261,7025499054
2262,3675686452
2263,6665700807
2264,7056286809
2265,4257616545
2266,3408981285
2267,4352245674
2268,2668115837
2269,7624475488
2270,4635663186
2271,4370923267
2272,3380383361
2273,8321919547
2274,7027496657
2275,3436066342
2276,7441753154
2277,4210656139
2278,8272252114
2279,4392928414
2280,8137280296
2281,3121260754
2282,2921092261
2283,6707716322
2284,8137280296
2285,3842894466
2286,7496923255
2287,8308876039
2288,3772058982
2289,8776467036
2290,7838123262
2291,6751758787
2292,8581822514
2293,2828866797
2294,7045375704
2295,8087665364
2296,2573271634
2297,4387990579
2298,4159568625
2299,4389855163
2300,4621197489
2301,7109337208
2302,6197628300
2303,8343194628
2304,4582697464
2305,2924548756
2306,3827796846
2307,4418732292
2308,6779425675
2309,4865299990
2310,2693897122
2311,7580296185
2312,3990596158
2313,8321471805
2314,4090702136
2315,4090702136
2316,3980306502
2317,4146305391
2318,4102345197
2319,2661214200
2320,4762361904
2321,3407592155
2322,4874415161
2323,4116500289
2324,4366334852
2325,3702102070
2326,8120523832
2327,2606375560
2328,3407592155
2329,2562384051
2330,7271458298
2331,4009079455
2332,3483698116
2333,3827796846
2334,4102149511
2335,3134159125
2336,3905194123
2337,8039398687
2338,3485173235
2339,8601386866
2340,3933998706
2341,8898615755
2342,8116815237
2343,4814505392
2344,7282865774
2345,2910593065
2346,2765561935
2347,7060196756
2348,7336248436
2349,4084442989
2350,3565230123
2351,2572956417
2352,3821268828
2353,4089042236
2354,6008557728
2355,6036589080
2356,4734912115
2357,8292549105
2358,4748418014
2359,3702102070
2360,3966546862
2361,4289440387
2362,8266365217
2363,8336611292
2364,4741926898
2365,7296580012
2366,6773910059
2367,4783681073
2368,3912386247
2369,8145189099
2370,8129987697
2371,4650475791
2372,2690250965
2373,2701511558
2374,4466453502
2375,7802453234
2376,8638899729
2377,3427243276
2378,8143655815
2379,4387644061
2380,6681295965
2381,4341864766
2382,3966528718
2383,4716298081
2384,6517410987
2385,2544357488
2386,2884408932
2387,6938864938
2388,4854629881
2389,4328521916
2390,6387126062
2391,4711217891
2392,6978081406
2393,3827796846
2394,3508628274
2395,3827796846
2396,7060196756
2397,3477059416
2398,7290138967
2399,3508628274
2400,3659473784
2401,4060349454
2402,3567964199
2403,7872539834
2404,4032947785
2405,4425360851
2406,4356496280
2407,8354226134
2408,2551584411
2409,8050158005
2410,4738566429
2411,3391477384
2412,3397098636
2413,2543962731
2414,7011876185
2415,3677343518
2416,8544802289
2417,2542239288
2418,2787101082
2419,4294689764
2420,3503609416
2421,8989432899
2422,6052006263
2423,8901467886
2424,4899684604
2425,3320463251
2426,8513510239
2427,7205200645
2428,2721479059
2429,8821757712
2430,8344945725
2431,4327534069
2432,8710387036
2433,7619617398
2434,8521049248
2435,3427840576
2436,4466453502
2437,4466453502
2438,4314421322
2439,6830684427
2440,4604375385
2441,8513510239
2442,4932426724
2443,2828144419
2444,3513665820
2445,4727270477
2446,6257108879
2447,4276711412
2448,8198182804
2449,4351371414
2450,4468827025
2451,6687827827
2452,7833082746
2453,4445069917
2454,3530508941
2455,7339192286
2456,2999394360
2457,4276711412
2458,7460142942
2459,7602663635
2460,6408932594
2461,3326429415
2462,4365986250
2463,6452892668
2464,8224349537
2465,8546125575
2466,8815972345
2467,3619189441
2468,7319662416
2469,6036589080
2470,4276711412
2471,2545353914
2472,2932678952
2473,3717204940
2474,3912399056
2475,4553069747
2476,8330813117
2477,2714133912
2478,7499033737
2479,3773494776
2480,3370374421
2481,2816193132
2482,8738176876
2483,6774548908
2484,8362778792
2485,8724959018
2486,8264778845
2487,7337998778
2488,2948610478
2489,2689292209
2490,8887071238
2491,4771802941
2492,4414965474
2493,4144211378
2494,4144211378
2495,3204374552
2496,2701079010
2497,2717406323
2498,4026756771
2499,4098688703
2500,4862904196
2501,3943301612
2502,8306859566
2503,3504898684
2504,3504898684
2505,6253083718
2506,3504898684
2507,8280110538
2508,4883403986
2509,8348569014
2510,4324339207
2511,7214652492
2512,8145429084
2513,2701511558
2514,4166169480
2515,6290954269
2516,3786624157
2517,7476522105
2518,8890465277
2519,8751541408
2520,2628247233
2521,7611986542
2522,6137906955
2523,2828073427
2524,4275518495
2525,8350530022
2526,3752172920
2527,2972142967
2528,3966528718
2529,2939312128
2530,7988924919
2531,7339344956
2532,3594331229
2533,8018546674
2534,8773620264
2535,2705819125
2536,7696539699
2537,8284827747
2538,4350620139
2539,2557970249
2540,3653637813
2541,3015530822
2542,8329883415
2543,2596468143
2544,2976930541
2545,8584323344
2546,7968731326
2547,3835021741
2548,2972142967
2549,3891864592
2550,8011354904
2551,4714655745
2552,8070503522
2553,6212564062
2554,3592783430
2555,8677152657
2556,7997355716
2557,4828584748
2558,4865956927
2559,6212564062
2560,4480462064
2561,4594363602
2562,4126498890
2563,8867571192
2564,8374541242
2565,3996176091
2566,2892714221
2567,3036956870
2568,3555274072
2569,7985755774
2570,8335604255
2571,6782924227
2572,6188582828
2573,3967578905
2574,4774550099
2575,8249929828
2576,8278515864
2577,4819544964
2578,8049430386
2579,8206745824
2580,8353239097
2581,8775078287
2582,4249483819
2583,3258062191
2584,8280026097
2585,7535881887
2586,4420095405
2587,7247624234
2588,4528878826
2589,7424898582
2590,2683973838
2591,3695318032
2592,6969920738
2593,4627711495
2594,8172589692
2595,7037565427
2596,4126498890
2597,4488040067
2598,3635870031
2599,2972142967
2600,7289247492
2601,4187071814
2602,6768753408
2603,6522582498
2604,7281943846
2605,4746255301
2606,7860262575
2607,7122714682
2608,7676633026
2609,8138454125
2610,7058005798
2611,3653531526
2612,3588805192
2613,3755106259
2614,3949749466
2615,4444205346
2616,8107672039
2617,7751165014
2618,3383144140
2619,8005014586
2620,6044738640
2621,4225359921
2622,8378349715
2623,2578848979
2624,2694197674
2625,6821846335
2626,4367697645
2627,7857688766
2628,4787386844
2629,4775631138
2630,4225359921
2631,3697851882
2632,2629882534
2633,3452488043
2634,7273582236
2635,6250681104
2636,3420966792
2637,6797177936
2638,3899472547
2639,7875485244
2640,8063880165
2641,4699878180
2642,3903691903
2643,4382963291
2644,8125925576
2645,6522582498
2646,3980201314
2647,2628681578
2648,2593293689
2649,7917964236
2650,4675230879
2651,3678470085
2652,2958986836
2653,3416963084
2654,4124166417
2655,8102276377
2656,6475330809
2657,3863737819
2658,8060798696
2659,4385693998
2660,4883545687
2661,3890359865
2662,8105707625
2663,3369022939
2664,3919443443
2665,2653326442
2666,7890114079
2667,3678105304
2668,4122984906
2669,4485839354
2670,4119559051
2671,3980459114
2672,3244384584
2673,3773229982
2674,4875226053
2675,7889745624
2676,4479372923
2677,3449747262
2678,4025449963
2679,7559914975
2680,2628454609
2681,3367565599
2682,7466162008
2683,3821773940
2684,2603559279
2685,2650282036
2686,4961057270
2687,2810764275
2688,4126498890
2689,2689962733
2690,3918863009
2691,3243517129
2692,4813734841
2693,7457878074
2694,6452892668
2695,4007660155
2696,2715198612
2697,8121267119
2698,4469180137
2699,4126498890
2700,4059820992
2701,3480888127
2702,4640852927
2703,4983939003
2704,6447524549
2705,3932043673
2706,8040555319
2707,3427794136
2708,8804810722
2709,8572005245
2710,3374237846
2711,4598649571
2712,4318251389
2713,4617162253
2714,4812725596
2715,3589800268
2716,4754771478
2717,6331741174
2718,4710331434
2719,3538672450
2720,6825464277
2721,4719523030
2722,4107215550
2723,3233045741
2724,3538672450
2725,2671473571
2726,4101612754
2727,6522608409
2728,3064571475
2729,4371189585
2730,6331741174
2731,8204408804
2732,8121267119
2733,2825038352
2734,6331741174
2735,4747270394
2736,7837667976
2737,8632320092
2738,8566202012
2739,7038996675
2740,3538672450
2741,4126860214
2742,2543402559
2743,2667438194
2744,2810272223
2745,8962217448
2746,2547212279
2747,8116815237
2748,4085722645
2749,2689962733
2750,2782638047
2751,3675791005
2752,4785758882
2753,4313359133
2754,8533869144
2755,4017747600
2756,4125632814
2757,4698697515
2758,2709021371
2759,6103798285
2760,4685675221
2761,4596843836
2762,2825667525
2763,2803447395
2764,3298553075
2765,2825667525
2766,4255333970
2767,6369358909
2768,6384876402
2769,2651801217
2770,7292725692
2771,4209825564
2772,3673206839
2773,6795293452
2774,6125731373
2775,4785758882
2776,3483698116
2777,4000858135
2778,4344018732
2779,6441000087
2780,7693594108
2781,6484496586
2782,7271099386
2783,6904592332
2784,8116515027
2785,4768250339
2786,4619417933
2787,8301920147
2788,3461453319
2789,4785758882
2790,3318251905
2791,7446729652
2792,7696876798
2793,8313135676
2794,4755652011
2795,3481956343
2796,4675366119
2797,2804867719
2798,7326440826
2799,4107385333
2800,2804867719
2801,3407701877
2802,2572421842
2803,2804867719
2804,8860067486
2805,7296512478
2806,7872539834
2807,3769562699
2808,3407701877
2809,7869209555
2810,3622642598
2811,7923744747
2812,3436897291
2813,8336066274
2814,2665140873
2815,2804867719
2816,6484496586
2817,6075278056
2818,7955736207
2819,7923744747
2820,2804867719
2821,4158269441
2822,3975933285
2823,4136508988
2824,6681295965
2825,3974397571
2826,3407701877
2827,2804867719
2828,4030611252
2829,3702102070
2830,3407701877
2831,3297816814
2832,3481956343
2833,3407701877
2834,3407701877
2835,7032470492
2836,8707655277
2837,4785758882
2838,2804867719
2839,7128148509
2840,4626381848
2841,3377232470
2842,4414965474
2843,3817784845
2844,4501784772
2845,6914642316
2846,3991103907
2847,3407701877
2848,3407701877
2849,3616026456
2850,4785758882
2851,3616026456
2852,3870202942
2853,2670733699
2854,2804867719
2855,3746417535
2856,3746037402
2857,3622642598
2858,6594996469
2859,2815628145
2860,2942696640
2861,4957087663
2862,2804867719
2863,3760220739
2864,7060936792
2865,2919700986
2866,3095721608
2867,4411592320
2868,6079532565
2869,7693594108
2870,3407701877
2871,4668522870
2872,4785758882
2873,3524803522
2874,8785901515
2875,3693300783
2876,2847679710
2877,2571109645
2878,8091809248
2879,2804867719
2880,2601471818
2881,7038996675
2882,3825103965
2883,6079532565
2884,2804867719
2885,4854629881
2886,3407701877
2887,7623465375
2888,3650308063
2889,2983007530
2890,2919700986
2891,6079532565
2892,4292913230
2893,4785758882
2894,3407701877
2895,3483698116
2896,6191474900
2897,3407701877
2898,4213199773
2899,4634005855
2900,2804867719
2901,2642019664
2902,4673647813
2903,2736345928
2904,8191818289
2905,7890114079
2906,8348571097
2907,8299912467
2908,8039214124
2909,7585630869
2910,8106198512
2911,8350826632
2912,2993485422
2913,7874289868
2914,7874289868
2915,7863494194
2916,4492100054
2917,4852671697
2918,4536244547
2919,4321011423
2920,7446205117
2921,6521251615
2922,7874686742
2923,2582190175
2924,6199088200
2925,7233671908
2926,6904573802
2927,3688738328
2928,4664584209
2929,8160944836
2930,4354085238
2931,2603960322
2932,2597051259
2933,4125632814
2934,2603306698
2935,2652669446
2936,4219353162
2937,6046728629
2938,8163877008
2939,4740727012
2940,6199088200
2941,7842828056
2942,7589443174
2943,2596635924
2944,6765891467
2945,4316333947
2946,2609053006
2947,7390039182
2948,4681872541
2949,4923820333
2950,3120086822
2951,6712490384
2952,7842250776
2953,4496226495
2954,7395061274
2955,7075140075
2956,4328083750
2957,3867593793
2958,4731206899
2959,4125632814
2960,2602624617
2961,8256034776
2962,2681863764
2963,3791320353
2964,8276481525
2965,4252846667
2966,4123901542
2967,7509690549
2968,2670558989
2969,7842250776
2970,4123901542
2971,2596299880
2972,4185767740
2973,2609533111
2974,7209460809
2975,6502511227
2976,8136975157
2977,2712655536
2978,6234621768
2979,3851796657
2980,6502511227
2981,4223573832
2982,4041744815
2983,2607807192
2984,8119258919
2985,3867615189
2986,3867615189
2987,3913491430
2988,8931197888
2989,3454584691
2990,3751150990
2991,2610859048
2992,4127768375
2993,6060134582
2994,8931197888
2995,4157278684
2996,3393984107
2997,6030364769
2998,4797207188
2999,3867615189
3000,7027498729
3001,4109249205
3002,2597099849
3003,4531812470
3004,6667924285
3005,6667924285
3006,6503308678
3007,3826029541
3008,7454799876
3009,7393953275
3010,4624760485
3011,3826029541
3012,3667300303
3013,2602507181
3014,3566507825
3015,8405872485
3016,7260611928
3017,3355246925
3018,4203302883
3019,2603307427
3020,3884862069
3021,4246155456
3022,2609535585
3023,7245270304
3024,2597054712
3025,2602978863
3026,4402349534
3027,8549077706
3028,8087806046
3029,2609885379
3030,7371709546
3031,4851243908
3032,7411870047
3033,4463367586
3034,2658290760
3035,7890873202
3036,4303291006
3037,4858425999
3038,3835112473
3039,7201621176
3040,8136975157
3041,7726364488
3042,3875155111
3043,8340889956
3044,8136975157
3045,2766833004
3046,3997811868
3047,2678481439
3048,7308945476
3049,4738401868
3050,3855997694
3051,6521251615
3052,6035767737
3053,2602181477
3054,4109990558
3055,6035767737
3056,6486556645
3057,8352440885
3058,8352440885
3059,6772907489
3060,4569560429
3061,6962708868
3062,7890873202
3063,4073605927
3064,2559234968
3065,3842245582
3066,3833935215
3067,7927455796
3068,2877876332
3069,2954481439
3070,4143642603
3071,4050350164
3072,6969344769
3073,6026696744
3074,4971786737
3075,3868781071
3076,4323021088
3077,4323021088
3078,8273582088
3079,4325537659
3080,3883505489
3081,4793693175
3082,7116231555
3083,3537576228
3084,3884862069
3085,7270864885
3086,3742910504
3087,3707191454
3088,4392752781
3089,6048052105
3090,2844234602
3091,4614420229
3092,7230417858
3093,6433069375
3094,3110345819
3095,4751710834
3096,2667839761
3097,7304500437
3098,3939403175
3099,2783687650
3100,8970625769
3101,7955771232
3102,7367921576
3103,7944772224
3104,2720359938
3105,2970346748
3106,3304576358
3107,2716360694
3108,7314735789
3109,4362572987
3110,3015698820
3111,3889695388
3112,6074168516
3113,6720512705
3114,6758821102
3115,7806007628
3116,4332295061
3117,8089347389
3118,4063881615
3119,4050625951
3120,8032046956
3121,4118096609
3122,7293700626
3123,7249305667
3124,7249305667
3125,6747091985
3126,8094063406
3127,8093446568
3128,8220801346
3129,8704652536
3130,3877906683
3131,8169175399
3132,7818870539
3133,4504900992
3134,4774068814
3135,7720598732
3136,4478258662
3137,8094111066
3138,8169175399
3139,8086356992
3140,8094111066
3141,4470814866
3142,7906895904
3143,3638408906
3144,7906895904
3145,6637519255
3146,7570430746
3147,3569458204
3148,7895294846
3149,8094125558
3150,8597825659
3151,8587454839
3152,4873157983
3153,6339818986
3154,3887539075
3155,8597825659
3156,2724691423
3157,8239331562
3158,4625758989
3159,2970346748
3160,8002788808
3161,6070935646
3162,4620464972
3163,2741453548
3164,6836236528
3165,8136317362
3166,6210499902
3167,2943853492
3168,3341681542
3169,8459216536
3170,4624396292
3171,3870012373
3172,4424526999
3173,4858443192
3174,2593149825
3175,3652129086
3176,3820089379
3177,6693623416
3178,4440773553
3179,7424393255
3180,3558553950
3181,3702661945
3182,2562545127
3183,4939014331
3184,4212537882
3185,3392530357
3186,7944803754
3187,4388209288
3188,2927174464
3189,7395081138
3190,4285517179
3191,2735382858
3192,2659331078
3193,4362795113
3194,8297085605
3195,3735032447
3196,3735032447
3197,7613201158
3198,2970346748
3199,6710880464
3200,3418240409
3201,6715413872
3202,6813611994
3203,6188738477
3204,3963884565
3205,3305091652
3206,4365840571
3207,2569962882
3208,2569962882
3209,3530508941
3210,3301816455
3211,7613201158
3212,2662212922
3213,4543706973
3214,4119532153
3215,4284171104
3216,7613201158
3217,3570350465
3218,6108777511
3219,4397863075
3220,4779912357
3221,7206272979
3222,4478540947
3223,7337417465
3224,6100012044
3225,7041899718
3226,6519195082
3227,3531619564
3228,3107042969
3229,6799631666
3230,7549540849
3231,3660294713
3232,4971786737
3233,7765699877
3234,3851702483
3235,6761903559
3236,4455414446
3237,3773848699
3238,4883611173
3239,4468391088
3240,6727019956
3241,3530508941
3242,4349996421
3243,7903441434
3244,4514038499
3245,4030587308
3246,4283792437
3247,2581266835
3248,8223858702
3249,6027077285
3250,3058209343
3251,6188738477
3252,4914712919
3253,3784568716
3254,7681198086
3255,3742756486
3256,4909832927
3257,8042734938
3258,2611114280
3259,2726076510
3260,8335791497
3261,8357978128
3262,3558860791
3263,3395503389
3264,3559693596
3265,8705188094
3266,3103569482
3267,8099209618
3268,7511669462
3269,4592846025
3270,3017814641
3271,7700157036
3272,8342446538
3273,6458108497
3274,4415847378
3275,2723706778
3276,4870854703
3277,2605246541
3278,7318060092
3279,3646461997
3280,7370575569
3281,6575999455
3282,4595540536
3283,4136576344
3284,7924283222
3285,3374708145
3286,8263730955
3287,2637764675
3288,7998412264
3289,8450872758
3290,3944428439
3291,4389634148
3292,4106524452
3293,7503480405
3294,7321369499
3295,6804488266
3296,4278857765
3297,6173601040
3298,2650277763
3299,3019069928
3300,7746612142
3301,3827388809
3302,7997731744
3303,2629212006
3304,7567471539
3305,6143397554
3306,8065614952
3307,7202607075
3308,4189574411
3309,4754462192
3310,3020964498
3311,2678449719
3312,2951645882
3313,7116918405
3314,3515541955
3315,4247131634
3316,8032046956
3317,4012869440
3318,8080557348
3319,3779981316
3320,4116282730
3321,2666915402
3322,6263383058
3323,3310375039
3324,7292725036
3325,7705643897
3326,7323782626
3327,4497246691
3328,7705643897
3329,6769381705
3330,7855533942
3331,2654131255
3332,4316339913
3333,8494931292
3334,4521603808
3335,6672547187
3336,4987751055
3337,8259257922
3338,2659362586
3339,3670044068
3340,7999983119
3341,4030113760
3342,4013932031
3343,4801195623
3344,8499631318
3345,2585582144
3346,6523078546
3347,4744258991
3348,7739786277
3349,2690135876
3350,2591328910
3351,6075278056
3352,4248942600
3353,3851550941
3354,4409200888
3355,8194804438
3356,4955535809
3357,7569633887
3358,7537036399
3359,7783776214
3360,4235116573
3361,4985166804
3362,4794142182
3363,8430998294
3364,3668369940
3365,4652152088
3366,3635848391
3367,3586822582
3368,4395103349
3369,3799895531
3370,4788914835
3371,2753618095
3372,4789127458
3373,7673632524
3374,8044695787
3375,4350436153
3376,3913860678
3377,2634837336
3378,2713608741
3379,2753618095
3380,4746113318
3381,6205661019
3382,2681786434
3383,8239776249
3384,2989046609
3385,4119860759
3386,7675051475
3387,6205661019
3388,8108362635
3389,7894831378
3390,2695961146
3391,2627927890
3392,7563314986
3393,2793938889
3394,6049816926
3395,7894831378
3396,7269270129
3397,7746306359
3398,6506148317
3399,4220802657
3400,8224344174
3401,4805936398
3402,2995703163
3403,3912024985
3404,3429649270
3405,3910233077
3406,8259869557
3407,2635476124
3408,4755650499
3409,7318391076
3410,3522805716
3411,4209405142
3412,4642978689
3413,2789556867
3414,4755650499
3415,2825251508
3416,4287053817
3417,3905463180
3418,3530508941
3419,3115259636
3420,3424236926
3421,2696309247
3422,7978089694
3423,3548263037
3424,4156013438
3425,6706383348
3426,3699322079
3427,3264040840
3428,4866818328
3429,4936597716
3430,3168228685
3431,3065640517
3432,2881845214
3433,2808700298
3434,7690344275
3435,2815351792
3436,4002749007
3437,7148429577
3438,7317690666
3439,3950256593
3440,7944671729
3441,3679523269
3442,7339223038
3443,4109462113
3444,7337978916
3445,7428264908
3446,4465405033
3447,7339223038
3448,7317690666
3449,7337978916
3450,7841576962
3451,4267260075
3452,3451260737
3453,3859039783
3454,2580304098
3455,4589284962
3456,7257037754
3457,2688382551
3458,8250254517
3459,2607141346
3460,4717740849
3461,8329554749
3462,4840782311
3463,8084903468
3464,2697204704
3465,3879053427
3466,4479886578
3467,6687259806
3468,3558160458
3469,6279039844
3470,6245549195
3471,4284071651
3472,3278478222
3473,3772548209
3474,3629592336
3475,4044538138
3476,8225631586
3477,3808875180
3478,2808786981
3479,3681459655
3480,3067865793
3481,7337987476
3482,7823697626
3483,3405145873
3484,3717070828
3485,7753105308
3486,4130351886
3487,4302413771
3488,4751647123
3489,4745014768
3490,4713076024
3491,4100050090
3492,2760457832
3493,4380651106
3494,3727179866
3495,4491132711
3496,4243107532
3497,3929154529
3498,8073561546
3499,3422648945
3500,6948112446
3501,4818767347
3502,3430246304
3503,3003413264
3504,3465510221
3505,6475528457
3506,3417427393
3507,4353677727
3508,2681337547
3509,4328394075
3510,4321400224
3511,3682844250
3512,3702910665
3513,3936887373
3514,4267138751
3515,3953918161
3516,3652842161
3517,3676466863
3518,4416807214
3519,3420245514
3520,7941787169
3521,3174433099
3522,8704398477
3523,3593535905
3524,3652842161
3525,6370785918
3526,3896804092
3527,7411874585
3528,4424727473
3529,3532236719
3530,6684693937
3531,7126212205
3532,3918712935
3533,4341365196
3534,7411874585
3535,2669508596
3536,3582036277
3537,3556630340
3538,4400282938
3539,3555956150
3540,2808789104
3541,4305510319
3542,3479106991
3543,3128407780
3544,7442598309
3545,8753928662
3546,3577603729
3547,2777056301
3548,2649951941
3549,2773779494
3550,6208098542
3551,4373043130
3552,3394330540
3553,6391369247
3554,3696303313
3555,7993666214
3556,2727367158
3557,2695416275
3558,3529560237
3559,4353425579
3560,6452188348
3561,3661818975
3562,4856720675
3563,2630328923
3564,4954829773
3565,6208098542
3566,4294467507
3567,2771989639
3568,3023452054
3569,3655274409
3570,3768931857
3571,8088369204
3572,2705110769
3573,2704807992
3574,4716179005
3575,4767249930
3576,4404406439
3577,2664246798
3578,4300107434
3579,4396348950
3580,3673848571
3581,7485652099
3582,4757627270
3583,7378524695
3584,8234984839
3585,2632627591
3586,8371537315
3587,2697386518
3588,8116580368
3589,2749966156
3590,4230282147
3591,4172489708
3592,7932413862
3593,7745135996
3594,4135766332
3595,3407180974
3596,7735376598
3597,3318048494
3598,7322697378
3599,3239151235
3600,4510093480
3601,2632835049
3602,2624208230
3603,4121336653
3604,3509913650
3605,2686957437
3606,6771524355
3607,8028946114
3608,3531811922
3609,2763525150
3610,4603945703
3611,8299020685
3612,7467110972
3613,4340029150
3614,4358927837
3615,2710747179
3616,7888109754
3617,3631136173
3618,3289536326
3619,6013959271
3620,2702810713
3621,4689115265
3622,7276428207
3623,2687809364
3624,4254776868
3625,8868130227
3626,2764737662
3627,4357613669
3628,4785192442
3629,2626621137
3630,4103971098
3631,7049723527
3632,4067888296
3633,4398341569
3634,8214834192
3635,8603196295
3636,4641268593
3637,4655354014
3638,4307598971
3639,6520160395
3640,3474280147
3641,6022932996
3642,4609647859
3643,6768818004
3644,4385451957
3645,2687787298
3646,3597812267
3647,3816903806
3648,3037870839
3649,2615961232
3650,4434781574
3651,2628130757
3652,7178361056
3653,3518484490
3654,3921773048
3655,2985934074
3656,7996680864
3657,7923744747
3658,3105245897
3659,8206745824
3660,7422960934
3661,7422960934
3662,8061378286
3663,8064832965
3664,3537395685
3665,2741453548
3666,6994745819
3667,6949612162
3668,8216593378
3669,4651640043
3670,4789652866
3671,3530508941
3672,6994745819
3673,8160944836
3674,4341864766
3675,8064832965
3676,6994745819
3677,7115629775
3678,4957797689
3679,4350436153
3680,4625758989
3681,3667869029
3682,3530508941
3683,4738401868
3684,6818633834
3685,8009457372
3686,2557059694
3687,3796465689
3688,8214948192
3689,4119860759
3690,8141634817
3691,8032156484
3692,4624396292
3693,4355065699
3694,8070323549
3695,8343195845
3696,3956712078
3697,7373527212
3698,2582870355
3699,2662216230
3700,7326440766
3701,3398883002
3702,7886282377
3703,4542323498
3704,4412572186
3705,4738401868
3706,6360170346
3707,8265128684
3708,8079098994
3709,3931744892
3710,8869151446
3711,7278264394
3712,3530508941
3713,4905396278
3714,7183123728
3715,8085870295
3716,4905396278
3717,8401317715
3718,6360170346
3719,3499409824
3720,3834925134
3721,7768635929
3722,6694739568
3723,2626096456
3724,6205720002
3725,2626096456
3726,3648021630
3727,6453137256
3728,2626096456
3729,6205720002
3730,2626096456
3731,6453137256
3732,2626096456
3733,2626096456
3734,7823637646
3735,7195048635
3736,2626096456
3737,2647220087
3738,2626096456
3739,7195048635
3740,6138817836
3741,4119860759
3742,3316788637
3743,6829752776
3744,3301067433
3745,7304500437
3746,2551320502
3747,3574886915
3748,3389611121
3749,3712566396
3750,6303260608
3751,7287227248
3752,4732259079
3753,4603505709
3754,4769465558
3755,3415570532
3756,3530508941
